[["Sprite",{"animations":"{\"expanded\":true,\"subfolders\":[]}"}],["Mouse",{}],["Teclado",{}],["Sprite2",{"animations":"{\"expanded\":true,\"subfolders\":[]}"}],["Sprite3",{"animations":"{\"expanded\":true,\"subfolders\":[]}"}],["Sprite4",{"animations":"{\"expanded\":true,\"subfolders\":[]}"}],["Sprite5",{"animations":"{\"expanded\":true,\"subfolders\":[]}"}],["Sprite6",{"animations":"{\"expanded\":true,\"subfolders\":[]}"}],["Sprite7",{"animations":"{\"expanded\":true,\"subfolders\":[]}"}],["EntradaDeTexto",{}],["Texto",{}],["Texto2",{}],["JUGAR",{}],["Texto3",{}],["preparado",{}],["BarraDeProgreso",{}]]