{"propertiesBar":{"properties":[{"name":"Acerca de","expanded":true,"children":[]},{"name":"Colores","expanded":true,"children":[]},{"name":"Inicio","expanded":true,"children":[]},{"name":"Pantalla","expanded":true,"children":[{"name":"Tamaño de área visible","expanded":false,"children":[]}]},{"name":"Avanzado","expanded":false,"children":[]},{"name":"Editor","expanded":true,"children":[]}],"scrollPosition":0},"openTabs":{"active":{"name":"inicio","type":"layout"},"open":[{"name":"juego","type":"layout"},{"name":"Hoja de eventos 1","type":"eventSheet"},{"name":"inicio","type":"layout"},{"name":"Hoja de eventos 2","type":"eventSheet"},{"name":"tutorial","type":"layout"},{"name":"Hoja de eventos 3","type":"eventSheet"},{"name":"Victoria","type":"layout"},{"name":"Hoja de eventos 4","type":"eventSheet"}]},"previewEffects":true,"pauseOnUnfocus":false,"projectBar":{"name":"<root>","children":[{"name":"Linares_Gay_Mencia-Entrega3","expanded":true,"children":[{"name":"Escenas","expanded":true,"children":[{"name":"inicio","expanded":true,"children":[]},{"name":"tutorial","expanded":true,"children":[]},{"name":"juego","expanded":true,"children":[]},{"name":"Victoria","expanded":true,"children":[]}]},{"name":"Hojas de eventos","expanded":true,"children":[{"name":"Hoja de eventos 1","expanded":true,"children":[]},{"name":"Hoja de eventos 2","expanded":true,"children":[]},{"name":"Hoja de eventos 3","expanded":true,"children":[]},{"name":"Hoja de eventos 4","expanded":true,"children":[]}]},{"name":"Scripts","expanded":true,"children":[]},{"name":"Tipos de objetos","expanded":true,"children":[{"name":"BarraDeProgreso","expanded":true,"children":[]},{"name":"EntradaDeTexto","expanded":true,"children":[]},{"name":"JUGAR","expanded":true,"children":[]},{"name":"Mouse","expanded":true,"children":[]},{"name":"Navegador","expanded":true,"children":[]},{"name":"No","expanded":true,"children":[]},{"name":"preparado","expanded":true,"children":[]},{"name":"preparadont","expanded":true,"children":[]},{"name":"Salir","expanded":true,"children":[]},{"name":"Si","expanded":true,"children":[]},{"name":"Sprite","expanded":true,"children":[]},{"name":"Sprite2","expanded":true,"children":[]},{"name":"Sprite3","expanded":true,"children":[]},{"name":"Sprite4","expanded":true,"children":[]},{"name":"Sprite5","expanded":true,"children":[]},{"name":"Sprite6","expanded":true,"children":[]},{"name":"Sprite7","expanded":true,"children":[]},{"name":"Teclado","expanded":true,"children":[]},{"name":"Texto","expanded":true,"children":[]},{"name":"Texto2","expanded":true,"children":[]},{"name":"Texto3","expanded":true,"children":[]},{"name":"Texto4","expanded":true,"children":[]}]},{"name":"Familias","expanded":true,"children":[]},{"name":"Líneas de tiempo","expanded":true,"children":[{"name":"Eases (Aceleraciones)","expanded":false,"children":[]},{"name":"Línea de tiempo 1","expanded":true,"children":[]}]},{"name":"Diagramas de flujo","expanded":true,"children":[{"name":"Diagrama de flujo 1","expanded":true,"children":[]}]},{"name":"Sonidos","expanded":true,"children":[]},{"name":"Música","expanded":true,"children":[]},{"name":"Vídeos","expanded":true,"children":[]},{"name":"Fuentes","expanded":true,"children":[]},{"name":"Iconos y capturas de pantalla","expanded":false,"children":[{"name":"icono-128.png","expanded":true,"children":[]},{"name":"icono-16.png","expanded":true,"children":[]},{"name":"icono-256.png","expanded":true,"children":[]},{"name":"icono-32.png","expanded":true,"children":[]},{"name":"icono-512.png","expanded":true,"children":[]},{"name":"icono-64.png","expanded":true,"children":[]},{"name":"logo-carga.png","expanded":true,"children":[]}]},{"name":"Archivos","expanded":true,"children":[]}]}]},"propertiesBarActiveObject":{"name":"instances","type":"array"}}