{
	"name": "inicio",
	"layers": [
		{
			"name": "Capa 0",
			"overriden": 0,
			"subLayers": [],
			"instances": [
				{
					"type": "Texto2",
					"properties": {
						"text": "MONTAR UN PC POR PIEZAS",
						"enable-bbcode": true,
						"font": "Arial",
						"size": 55,
						"line-height": 0,
						"bold": false,
						"italic": false,
						"color": [
							1,
							1,
							1,
							1
						],
						"horizontal-alignment": "center",
						"vertical-alignment": "center",
						"wrapping": "word",
						"text-direction": "ltr",
						"icon-set": -1,
						"initially-visible": true,
						"origin": "top-left",
						"read-aloud": false
					},
					"uid": 18,
					"sid": 991506291448913,
					"tags": "",
					"instanceVariables": {},
					"behaviors": {},
					"instanceFolderItem": {
						"sid": 991506291448913,
						"expanded": true
					},
					"showing": true,
					"locked": false,
					"world": {
						"x": 388,
						"y": 81,
						"width": 1130.7191840931018,
						"height": 198.50787761396526,
						"originX": 0,
						"originY": 0,
						"color": [
							1,
							1,
							1,
							1
						],
						"angle": 0,
						"zElevation": 0
					}
				},
				{
					"type": "JUGAR",
					"properties": {
						"type": "button",
						"text": "JUGAR",
						"tooltip": "",
						"initially-visible": true,
						"enabled": true,
						"auto-font-size": true,
						"checked": false,
						"id": "",
						"class": ""
					},
					"uid": 19,
					"sid": 925320657187049,
					"tags": "",
					"instanceVariables": {},
					"behaviors": {},
					"instanceFolderItem": {
						"sid": 925320657187049,
						"expanded": true
					},
					"showing": true,
					"locked": false,
					"world": {
						"x": 760,
						"y": 495,
						"width": 287.18635065058373,
						"height": 95.72878355019456,
						"originX": 0,
						"originY": 0,
						"color": [
							1,
							1,
							1,
							1
						]
					}
				},
				{
					"type": "Salir",
					"properties": {
						"type": "button",
						"text": "SALIR",
						"tooltip": "",
						"initially-visible": true,
						"enabled": true,
						"auto-font-size": true,
						"checked": false,
						"id": "",
						"class": ""
					},
					"uid": 27,
					"sid": 181246497750441,
					"tags": "",
					"instanceVariables": {},
					"behaviors": {},
					"instanceFolderItem": {
						"sid": 181246497750441,
						"expanded": true
					},
					"showing": true,
					"locked": false,
					"world": {
						"x": 760,
						"y": 727.3999938964844,
						"width": 287.186351,
						"height": 95.728784,
						"originX": 0,
						"originY": 0,
						"color": [
							1,
							1,
							1,
							1
						]
					}
				}
			],
			"sid": 779596275460337,
			"effectTypes": [],
			"isInitiallyVisible": true,
			"isInitiallyInteractive": true,
			"isHTMLElementsLayer": false,
			"color": [
				1,
				1,
				1,
				1
			],
			"backgroundColor": [
				0.09411764705882353,
				0.6980392156862745,
				0.803921568627451,
				1
			],
			"isTransparent": false,
			"parallaxX": 1,
			"parallaxY": 1,
			"scaleRate": 1,
			"forceOwnTexture": false,
			"renderingMode": "3d",
			"drawOrder": "z-order",
			"useRenderCells": false,
			"blendMode": "normal",
			"zElevation": 0,
			"global": false
		}
	],
	"scene-graphs-folder-root": {
		"items": [],
		"subfolders": []
	},
	"sid": 835571076166494,
	"nonworld-instances": [],
	"effectTypes": [],
	"width": 3840,
	"height": 2160,
	"unboundedScrolling": false,
	"vpX": 0.5,
	"vpY": 0.5,
	"projection": "perspective",
	"eventSheet": "Hoja de eventos 2"
}