{
	"name": "juego",
	"layers": [
		{
			"name": "Capa 0",
			"overriden": 0,
			"subLayers": [],
			"instances": [
				{
					"type": "Sprite",
					"properties": {
						"initially-visible": true,
						"initial-animation": "Animation 1",
						"initial-frame": 0,
						"enable-collisions": true,
						"live-preview": false
					},
					"uid": 4,
					"sid": 122689847224626,
					"tags": "",
					"instanceVariables": {},
					"behaviors": {
						"Pegado": {
							"properties": {
								"destroy": false
							}
						}
					},
					"instanceFolderItem": {
						"sid": 122689847224626,
						"expanded": true
					},
					"showing": true,
					"locked": false,
					"world": {
						"x": 469,
						"y": 603,
						"width": 1300.5018262194021,
						"height": 1300.5018262194021,
						"originX": 0.5,
						"originY": 0.5,
						"color": [
							1,
							1,
							1,
							1
						],
						"angle": 0,
						"zElevation": 0
					}
				},
				{
					"type": "Sprite5",
					"properties": {
						"initially-visible": true,
						"initial-animation": "Animation 1",
						"initial-frame": 0,
						"enable-collisions": true,
						"live-preview": false
					},
					"uid": 8,
					"sid": 798655467299240,
					"tags": "",
					"instanceVariables": {},
					"behaviors": {
						"ArrastrarYSoltar": {
							"properties": {
								"axes": "both",
								"enabled": true
							}
						},
						"Pegado": {
							"properties": {
								"destroy": false
							}
						}
					},
					"instanceFolderItem": {
						"sid": 798655467299240,
						"expanded": true
					},
					"showing": true,
					"locked": false,
					"world": {
						"x": 1234,
						"y": 393,
						"width": 635.5522002977091,
						"height": 681.9736757510608,
						"originX": 0.5,
						"originY": 0.5,
						"color": [
							1,
							1,
							1,
							1
						],
						"angle": 0,
						"zElevation": 0
					}
				},
				{
					"type": "Sprite6",
					"properties": {
						"initially-visible": true,
						"initial-animation": "Animation 1",
						"initial-frame": 0,
						"enable-collisions": true,
						"live-preview": false
					},
					"uid": 9,
					"sid": 460214234595538,
					"tags": "",
					"instanceVariables": {},
					"behaviors": {
						"ArrastrarYSoltar": {
							"properties": {
								"axes": "both",
								"enabled": true
							}
						}
					},
					"instanceFolderItem": {
						"sid": 460214234595538,
						"expanded": true
					},
					"showing": true,
					"locked": false,
					"world": {
						"x": 1184,
						"y": 944,
						"width": 291.64660037743715,
						"height": 181.88142532629263,
						"originX": 0.5,
						"originY": 0.5,
						"color": [
							1,
							1,
							1,
							1
						],
						"angle": 6.274230322678619,
						"zElevation": 0
					}
				},
				{
					"type": "EntradaDeTexto",
					"properties": {
						"text": "",
						"placeholder": "",
						"tooltip": "",
						"initially-visible": true,
						"enabled": true,
						"read-only": false,
						"spell-check": false,
						"type": "text",
						"auto-font-size": true,
						"id": "",
						"class": ""
					},
					"uid": 11,
					"sid": 767529885660384,
					"tags": "",
					"instanceVariables": {},
					"behaviors": {},
					"instanceFolderItem": {
						"sid": 767529885660384,
						"expanded": true
					},
					"showing": true,
					"locked": false,
					"world": {
						"x": 1158,
						"y": 717,
						"width": 150,
						"height": 22,
						"originX": 0,
						"originY": 0,
						"color": [
							1,
							1,
							1,
							1
						]
					}
				},
				{
					"type": "EntradaDeTexto",
					"properties": {
						"text": "",
						"placeholder": "",
						"tooltip": "",
						"initially-visible": true,
						"enabled": true,
						"read-only": false,
						"spell-check": false,
						"type": "text",
						"auto-font-size": true,
						"id": "",
						"class": ""
					},
					"uid": 12,
					"sid": 888776705189430,
					"tags": "",
					"instanceVariables": {},
					"behaviors": {},
					"instanceFolderItem": {
						"sid": 888776705189430,
						"expanded": true
					},
					"showing": true,
					"locked": false,
					"world": {
						"x": 1703,
						"y": 280,
						"width": 150,
						"height": 22,
						"originX": 0,
						"originY": 0,
						"color": [
							1,
							1,
							1,
							1
						]
					}
				},
				{
					"type": "EntradaDeTexto",
					"properties": {
						"text": "",
						"placeholder": "",
						"tooltip": "",
						"initially-visible": true,
						"enabled": true,
						"read-only": false,
						"spell-check": false,
						"type": "text",
						"auto-font-size": true,
						"id": "",
						"class": ""
					},
					"uid": 13,
					"sid": 430643747775699,
					"tags": "",
					"instanceVariables": {},
					"behaviors": {},
					"instanceFolderItem": {
						"sid": 430643747775699,
						"expanded": true
					},
					"showing": true,
					"locked": false,
					"world": {
						"x": 1525,
						"y": 1001,
						"width": 150,
						"height": 22,
						"originX": 0,
						"originY": 0,
						"color": [
							1,
							1,
							1,
							1
						]
					}
				},
				{
					"type": "EntradaDeTexto",
					"properties": {
						"text": "",
						"placeholder": "",
						"tooltip": "",
						"initially-visible": true,
						"enabled": true,
						"read-only": false,
						"spell-check": false,
						"type": "text",
						"auto-font-size": true,
						"id": "",
						"class": ""
					},
					"uid": 14,
					"sid": 592323588597843,
					"tags": "",
					"instanceVariables": {},
					"behaviors": {},
					"instanceFolderItem": {
						"sid": 592323588597843,
						"expanded": true
					},
					"showing": true,
					"locked": false,
					"world": {
						"x": 1707,
						"y": 453,
						"width": 150,
						"height": 22,
						"originX": 0,
						"originY": 0,
						"color": [
							1,
							1,
							1,
							1
						]
					}
				},
				{
					"type": "EntradaDeTexto",
					"properties": {
						"text": "",
						"placeholder": "",
						"tooltip": "",
						"initially-visible": true,
						"enabled": true,
						"read-only": false,
						"spell-check": false,
						"type": "text",
						"auto-font-size": true,
						"id": "",
						"class": ""
					},
					"uid": 15,
					"sid": 138977417768101,
					"tags": "",
					"instanceVariables": {},
					"behaviors": {},
					"instanceFolderItem": {
						"sid": 138977417768101,
						"expanded": true
					},
					"showing": true,
					"locked": false,
					"world": {
						"x": 1087,
						"y": 1029,
						"width": 150,
						"height": 22,
						"originX": 0,
						"originY": 0,
						"color": [
							1,
							1,
							1,
							1
						]
					}
				},
				{
					"type": "EntradaDeTexto",
					"properties": {
						"text": "",
						"placeholder": "",
						"tooltip": "",
						"initially-visible": true,
						"enabled": true,
						"read-only": false,
						"spell-check": false,
						"type": "text",
						"auto-font-size": true,
						"id": "",
						"class": ""
					},
					"uid": 16,
					"sid": 106324428213641,
					"tags": "",
					"instanceVariables": {},
					"behaviors": {},
					"instanceFolderItem": {
						"sid": 106324428213641,
						"expanded": true
					},
					"showing": true,
					"locked": false,
					"world": {
						"x": 1703,
						"y": 760,
						"width": 150,
						"height": 22,
						"originX": 0,
						"originY": 0,
						"color": [
							1,
							1,
							1,
							1
						]
					}
				},
				{
					"type": "Texto",
					"properties": {
						"text": "COLOCA LOS COMPONENTES",
						"enable-bbcode": true,
						"font": "Arial",
						"size": 23,
						"line-height": 0,
						"bold": false,
						"italic": true,
						"color": [
							1,
							0.9803921568627451,
							0.984313725490196,
							1
						],
						"horizontal-alignment": "center",
						"vertical-alignment": "center",
						"wrapping": "word",
						"text-direction": "ltr",
						"icon-set": -1,
						"initially-visible": true,
						"origin": "top-left",
						"read-aloud": false
					},
					"uid": 17,
					"sid": 178601300827102,
					"tags": "",
					"instanceVariables": {},
					"behaviors": {},
					"instanceFolderItem": {
						"sid": 178601300827102,
						"expanded": true
					},
					"showing": true,
					"locked": false,
					"world": {
						"x": 1116,
						"y": -7,
						"width": 531,
						"height": 67,
						"originX": 0,
						"originY": 0,
						"color": [
							1,
							1,
							1,
							1
						],
						"angle": 0,
						"zElevation": 0
					}
				},
				{
					"type": "BarraDeProgreso",
					"properties": {
						"value": 0,
						"maximum": 6,
						"tooltip": "",
						"initially-visible": true,
						"id": "",
						"class": ""
					},
					"uid": 21,
					"sid": 396193548747055,
					"tags": "",
					"instanceVariables": {
						"Contador": 0
					},
					"behaviors": {},
					"instanceFolderItem": {
						"sid": 396193548747055,
						"expanded": true
					},
					"showing": true,
					"locked": false,
					"world": {
						"x": 28,
						"y": 39,
						"width": 523.0678732248808,
						"height": 65.3834841531101,
						"originX": 0,
						"originY": 0,
						"color": [
							1,
							1,
							1,
							1
						]
					}
				},
				{
					"type": "Sprite7",
					"properties": {
						"initially-visible": true,
						"initial-animation": "Animation 1",
						"initial-frame": 0,
						"enable-collisions": true,
						"live-preview": false
					},
					"uid": 10,
					"sid": 743008061548238,
					"tags": "",
					"instanceVariables": {},
					"behaviors": {
						"ArrastrarYSoltar": {
							"properties": {
								"axes": "both",
								"enabled": true
							}
						}
					},
					"instanceFolderItem": {
						"sid": 743008061548238,
						"expanded": true
					},
					"showing": true,
					"locked": false,
					"world": {
						"x": 1592,
						"y": 824,
						"width": 332.0978467843545,
						"height": 62.90699597742099,
						"originX": 0.5,
						"originY": 0.5,
						"color": [
							1,
							1,
							1,
							1
						],
						"angle": 1.5707963267948966,
						"zElevation": 1
					}
				},
				{
					"type": "Sprite4",
					"properties": {
						"initially-visible": true,
						"initial-animation": "Animation 1",
						"initial-frame": 0,
						"enable-collisions": true,
						"live-preview": false
					},
					"uid": 7,
					"sid": 934806414903821,
					"tags": "",
					"instanceVariables": {},
					"behaviors": {
						"ArrastrarYSoltar": {
							"properties": {
								"axes": "both",
								"enabled": true
							}
						}
					},
					"instanceFolderItem": {
						"sid": 934806414903821,
						"expanded": true
					},
					"showing": true,
					"locked": false,
					"world": {
						"x": 1769,
						"y": 399,
						"width": 263.2613287147444,
						"height": 81.81984078390627,
						"originX": 0.5,
						"originY": 0.5,
						"color": [
							1,
							1,
							1,
							1
						],
						"angle": 0,
						"zElevation": 2
					}
				},
				{
					"type": "Sprite2",
					"properties": {
						"initially-visible": true,
						"initial-animation": "Animation 1",
						"initial-frame": 0,
						"enable-collisions": true,
						"live-preview": false
					},
					"uid": 5,
					"sid": 834901311336543,
					"tags": "",
					"instanceVariables": {},
					"behaviors": {
						"ArrastrarYSoltar": {
							"properties": {
								"axes": "both",
								"enabled": true
							}
						}
					},
					"instanceFolderItem": {
						"sid": 834901311336543,
						"expanded": true
					},
					"showing": true,
					"locked": false,
					"world": {
						"x": 1767,
						"y": 218,
						"width": 86.8548288848607,
						"height": 103.64538053086005,
						"originX": 0.5,
						"originY": 0.5,
						"color": [
							1,
							1,
							1,
							1
						],
						"angle": 0,
						"zElevation": 2
					}
				},
				{
					"type": "Sprite3",
					"properties": {
						"initially-visible": true,
						"initial-animation": "Animation 1",
						"initial-frame": 0,
						"enable-collisions": true,
						"live-preview": false
					},
					"uid": 6,
					"sid": 688815572239622,
					"tags": "",
					"instanceVariables": {},
					"behaviors": {
						"ArrastrarYSoltar": {
							"properties": {
								"axes": "both",
								"enabled": true
							}
						},
						"Pegado": {
							"properties": {
								"destroy": false
							}
						}
					},
					"instanceFolderItem": {
						"sid": 688815572239622,
						"expanded": true
					},
					"showing": true,
					"locked": false,
					"world": {
						"x": 1767,
						"y": 618,
						"width": 192.30229078945973,
						"height": 203.21572803582828,
						"originX": 0.5,
						"originY": 0.5,
						"color": [
							1,
							1,
							1,
							1
						],
						"angle": 0,
						"zElevation": 3
					}
				}
			],
			"sid": 872416759222861,
			"effectTypes": [],
			"isInitiallyVisible": true,
			"isInitiallyInteractive": true,
			"isHTMLElementsLayer": false,
			"color": [
				1,
				1,
				1,
				1
			],
			"backgroundColor": [
				0.0784313725490196,
				0.5372549019607843,
				0.8235294117647058,
				1
			],
			"isTransparent": false,
			"parallaxX": 1,
			"parallaxY": 1,
			"scaleRate": 1,
			"forceOwnTexture": false,
			"renderingMode": "3d",
			"drawOrder": "z-order",
			"useRenderCells": false,
			"blendMode": "normal",
			"zElevation": 0,
			"global": false
		}
	],
	"scene-graphs-folder-root": {
		"items": [],
		"subfolders": []
	},
	"sid": 277587294811496,
	"nonworld-instances": [],
	"effectTypes": [],
	"width": 3840,
	"height": 2160,
	"unboundedScrolling": false,
	"vpX": 0.5,
	"vpY": 0.5,
	"projection": "perspective",
	"eventSheet": "Hoja de eventos 1"
}