{
	"name": "tutorial",
	"layers": [
		{
			"name": "Capa 0",
			"overriden": 0,
			"subLayers": [],
			"instances": [
				{
					"type": "Texto3",
					"properties": {
						"text": "Bienvenid@ a este juego para aprender a montar un pc.                         Te voy a explicar como funciona: tienes 6 componentes distintos, cada componente con un nombre. Si colocas bien el nombre podrás arrastrar el componente y colocarlo en el sitio correspondiente. Por cada componente correcto se sumará un punto, cuando tengas los 6 ganas.             Preparad@?",
						"enable-bbcode": true,
						"font": "Arial",
						"size": 40,
						"line-height": 0,
						"bold": false,
						"italic": false,
						"color": [
							0,
							0,
							0,
							1
						],
						"horizontal-alignment": "center",
						"vertical-alignment": "center",
						"wrapping": "word",
						"text-direction": "ltr",
						"icon-set": -1,
						"initially-visible": true,
						"origin": "top-left",
						"read-aloud": false
					},
					"uid": 20,
					"sid": 456646189570624,
					"tags": "",
					"instanceVariables": {},
					"behaviors": {},
					"instanceFolderItem": {
						"sid": 456646189570624,
						"expanded": true
					},
					"showing": true,
					"locked": false,
					"world": {
						"x": 148,
						"y": 132,
						"width": 1712.417573519249,
						"height": 500.2626360278873,
						"originX": 0,
						"originY": 0,
						"color": [
							1,
							1,
							1,
							1
						],
						"angle": 0,
						"zElevation": 0
					}
				},
				{
					"type": "preparado",
					"properties": {
						"type": "button",
						"text": "PREPARAD@",
						"tooltip": "",
						"initially-visible": true,
						"enabled": true,
						"auto-font-size": true,
						"checked": false,
						"id": "",
						"class": ""
					},
					"uid": 22,
					"sid": 184043658575781,
					"tags": "",
					"instanceVariables": {},
					"behaviors": {},
					"instanceFolderItem": {
						"sid": 184043658575781,
						"expanded": true
					},
					"showing": true,
					"locked": false,
					"world": {
						"x": 1355,
						"y": 850,
						"width": 314.6426544510455,
						"height": 104.88088481701516,
						"originX": 0,
						"originY": 0,
						"color": [
							1,
							1,
							1,
							1
						]
					}
				},
				{
					"type": "preparadont",
					"properties": {
						"type": "button",
						"text": "NO",
						"tooltip": "",
						"initially-visible": true,
						"enabled": true,
						"auto-font-size": true,
						"checked": false,
						"id": "",
						"class": ""
					},
					"uid": 26,
					"sid": 489150913281009,
					"tags": "",
					"instanceVariables": {},
					"behaviors": {},
					"instanceFolderItem": {
						"sid": 489150913281009,
						"expanded": true
					},
					"showing": true,
					"locked": false,
					"world": {
						"x": 245,
						"y": 850,
						"width": 314.642654,
						"height": 104.880885,
						"originX": 0,
						"originY": 0,
						"color": [
							1,
							1,
							1,
							1
						]
					}
				}
			],
			"sid": 222960534969129,
			"effectTypes": [],
			"isInitiallyVisible": true,
			"isInitiallyInteractive": true,
			"isHTMLElementsLayer": false,
			"color": [
				1,
				1,
				1,
				1
			],
			"backgroundColor": [
				0.09411764705882353,
				0.6980392156862745,
				0.803921568627451,
				1
			],
			"isTransparent": false,
			"parallaxX": 1,
			"parallaxY": 1,
			"scaleRate": 1,
			"forceOwnTexture": false,
			"renderingMode": "3d",
			"drawOrder": "z-order",
			"useRenderCells": false,
			"blendMode": "normal",
			"zElevation": 0,
			"global": false
		}
	],
	"scene-graphs-folder-root": {
		"items": [],
		"subfolders": []
	},
	"sid": 432430013122649,
	"nonworld-instances": [],
	"effectTypes": [],
	"width": 3840,
	"height": 2160,
	"unboundedScrolling": false,
	"vpX": 0.5,
	"vpY": 0.5,
	"projection": "perspective",
	"eventSheet": "Hoja de eventos 3"
}