{"propertiesBar":{"properties":[{"name":"Escena","expanded":true,"children":[{"name":"Tamaño","expanded":false,"children":[]},{"name":"Punto de fuga","expanded":false,"children":[]}]},{"name":"Efectos","expanded":true,"children":[]},{"name":"Editor","expanded":true,"children":[{"name":"Márgenes","expanded":false,"children":[]},{"name":"Tamaño de cuadrícula","expanded":false,"children":[]},{"name":"Ajuste de la cuadrícula","expanded":false,"children":[]}]}],"scrollPosition":0},"layersBar":{"name":"<root>","children":[{"name":"Capa 0","expanded":true,"children":[]}]},"grid":{"show":false,"snap":false,"width":32,"height":32,"offsetX":0,"offsetY":0},"marginWidth":1000,"marginHeight":1000,"showCollisionPolygons":false,"showMeshes":false,"showTranslucentInactiveLayers":false,"showSceneGraphConnections":true,"tabColor":[0.9999999999999999,0.8000000000000002,0.9499999999999998,1],"tabTextColor":null,"layers":[{"name":"Capa 0","propertiesBar":{"properties":[{"name":"Propiedades de capa","expanded":true,"children":[]},{"name":"Desplazamiento y zoom","expanded":true,"children":[{"name":"Paralaje","expanded":false,"children":[]}]},{"name":"Apariencia","expanded":true,"children":[]},{"name":"Efectos","expanded":true,"children":[]},{"name":"Editor","expanded":true,"children":[]}],"scrollPosition":0},"visibleInEditor":true,"locked":false,"parallaxInEditor":false,"opacity":1,"translucent":false}],"instancesRoot":{"expanded":true,"subfolders":[],"misc":{"global":true,"layout":[]}},"view":{"x":1079.8126140000022,"y":538.6007285000014,"z":177.15610000000018,"activeLayer":"Capa 0"},"selectedInstances":[],"lockedInstances":[],"instanceCollections":[{"uids":[25],"properties":{"properties":[{"name":"Propiedades del tipo de objeto","expanded":true,"children":[]},{"name":"Común","expanded":true,"children":[{"name":"Posición","expanded":false,"children":[]},{"name":"Tamaño","expanded":false,"children":[]}]},{"name":"Variables de instancia","expanded":true,"children":[]},{"name":"Comportamientos","expanded":true,"children":[]},{"name":"Contenedor","expanded":true,"children":[]},{"name":"Plantilla","expanded":true,"children":[]},{"name":"Propiedades","expanded":true,"children":[]},{"name":"Editor","expanded":true,"children":[]}],"scrollPosition":265}},{"uids":[24],"properties":{"properties":[{"name":"Propiedades del tipo de objeto","expanded":true,"children":[]},{"name":"Común","expanded":true,"children":[{"name":"Posición","expanded":false,"children":[]},{"name":"Tamaño","expanded":false,"children":[]}]},{"name":"Variables de instancia","expanded":true,"children":[]},{"name":"Comportamientos","expanded":true,"children":[]},{"name":"Contenedor","expanded":true,"children":[]},{"name":"Plantilla","expanded":true,"children":[]},{"name":"Propiedades","expanded":true,"children":[]},{"name":"Editor","expanded":true,"children":[]}],"scrollPosition":0}},{"uids":[23],"properties":{"properties":[{"name":"Propiedades del tipo de objeto","expanded":true,"children":[]},{"name":"Común","expanded":true,"children":[{"name":"Posición","expanded":false,"children":[]},{"name":"Tamaño","expanded":false,"children":[]}]},{"name":"Variables de instancia","expanded":true,"children":[]},{"name":"Comportamientos","expanded":true,"children":[]},{"name":"Efectos","expanded":true,"children":[]},{"name":"Contenedor","expanded":true,"children":[]},{"name":"Plantilla","expanded":true,"children":[]},{"name":"Propiedades","expanded":true,"children":[]},{"name":"Accesibilidad","expanded":true,"children":[]},{"name":"Editor","expanded":true,"children":[]}],"scrollPosition":500}}]}