{
	"name": "Victoria",
	"layers": [
		{
			"name": "Capa 0",
			"overriden": 0,
			"subLayers": [],
			"instances": [
				{
					"type": "Texto4",
					"properties": {
						"text": "FELICIDADES!!                                                                     LOGRASTE MONTAR TU PRIMER ORDENADOR!!!                                           Quieres montarlo otra vez?",
						"enable-bbcode": true,
						"font": "Arial",
						"size": 40,
						"line-height": 0,
						"bold": false,
						"italic": false,
						"color": [
							0,
							0,
							0,
							1
						],
						"horizontal-alignment": "center",
						"vertical-alignment": "center",
						"wrapping": "word",
						"text-direction": "ltr",
						"icon-set": -1,
						"initially-visible": true,
						"origin": "top-left",
						"read-aloud": false
					},
					"uid": 23,
					"sid": 849900274232144,
					"tags": "",
					"instanceVariables": {},
					"behaviors": {},
					"instanceFolderItem": {
						"sid": 849900274232144,
						"expanded": true
					},
					"showing": true,
					"locked": false,
					"world": {
						"x": 506,
						"y": 163,
						"width": 959,
						"height": 399,
						"originX": 0,
						"originY": 0,
						"color": [
							1,
							1,
							1,
							1
						],
						"angle": 0,
						"zElevation": 0
					}
				},
				{
					"type": "No",
					"properties": {
						"type": "button",
						"text": "No",
						"tooltip": "",
						"initially-visible": true,
						"enabled": true,
						"auto-font-size": true,
						"checked": false,
						"id": "",
						"class": ""
					},
					"uid": 24,
					"sid": 482916373396271,
					"tags": "",
					"instanceVariables": {},
					"behaviors": {},
					"instanceFolderItem": {
						"sid": 482916373396271,
						"expanded": true
					},
					"showing": true,
					"locked": false,
					"world": {
						"x": 121,
						"y": 815,
						"width": 422.8191102587488,
						"height": 140.93970341958294,
						"originX": 0,
						"originY": 0,
						"color": [
							1,
							1,
							1,
							1
						]
					}
				},
				{
					"type": "Si",
					"properties": {
						"type": "button",
						"text": "Sí",
						"tooltip": "",
						"initially-visible": true,
						"enabled": true,
						"auto-font-size": true,
						"checked": false,
						"id": "",
						"class": ""
					},
					"uid": 25,
					"sid": 959551271803012,
					"tags": "",
					"instanceVariables": {},
					"behaviors": {},
					"instanceFolderItem": {
						"sid": 959551271803012,
						"expanded": true
					},
					"showing": true,
					"locked": false,
					"world": {
						"x": 1322,
						"y": 815,
						"width": 422.81911,
						"height": 140.939703,
						"originX": 0,
						"originY": 0,
						"color": [
							1,
							1,
							1,
							1
						]
					}
				}
			],
			"sid": 579651160679003,
			"effectTypes": [],
			"isInitiallyVisible": true,
			"isInitiallyInteractive": true,
			"isHTMLElementsLayer": false,
			"color": [
				1,
				1,
				1,
				1
			],
			"backgroundColor": [
				0.9215686274509803,
				0.796078431372549,
				0,
				1
			],
			"isTransparent": false,
			"parallaxX": 1,
			"parallaxY": 1,
			"scaleRate": 1,
			"forceOwnTexture": false,
			"renderingMode": "3d",
			"drawOrder": "z-order",
			"useRenderCells": false,
			"blendMode": "normal",
			"zElevation": 0,
			"global": false
		}
	],
	"scene-graphs-folder-root": {
		"items": [],
		"subfolders": []
	},
	"sid": 938663084128640,
	"nonworld-instances": [],
	"effectTypes": [],
	"width": 3840,
	"height": 2160,
	"unboundedScrolling": false,
	"vpX": 0.5,
	"vpY": 0.5,
	"projection": "perspective",
	"eventSheet": "Hoja de eventos 4"
}