{
	"name": "Sprite4",
	"plugin-id": "Sprite",
	"sid": 307702703935014,
	"isGlobal": false,
	"editorNewInstanceIsReplica": true,
	"instanceVariables": [],
	"behaviorTypes": [
		{
			"behaviorId": "DragnDrop",
			"name": "ArrastrarYSoltar",
			"sid": 545771626734049
		}
	],
	"effectTypes": [],
	"animations": {
		"items": [
			{
				"frames": [
					{
						"width": 769,
						"height": 239,
						"originX": 0.5,
						"originY": 0.5,
						"originalSource": "",
						"exportFormat": "lossless",
						"exportQuality": 0.8,
						"fileType": "image/png",
						"imageSpriteId": 4338685,
						"collisionPoly": {
							"points": [
								0.24057217165149544,
								0.10460251046025104,
								0.8699609882964889,
								0.11715481171548117,
								0.8972691807542262,
								0.1506276150627615,
								0.9843953185955787,
								0.3514644351464435,
								0.9921976592977894,
								0.899581589958159,
								0.9323797139141743,
								0.9832635983263598,
								0.06762028608582575,
								0.9790794979079498,
								0.009102730819245773,
								0.899581589958159,
								0.006501950585175552,
								0.301255230125523,
								0.09492847854356307,
								0.11297071129707113
							]
						},
						"useCollisionPoly": true,
						"duration": 1,
						"tag": ""
					}
				],
				"sid": 313200481123025,
				"name": "Animation 1",
				"isLooping": false,
				"isPingPong": false,
				"repeatCount": 1,
				"repeatTo": 0,
				"speed": 5
			}
		],
		"subfolders": []
	}
}