{
	"name": "Sprite3",
	"plugin-id": "Sprite",
	"sid": 616626351326995,
	"isGlobal": false,
	"editorNewInstanceIsReplica": true,
	"instanceVariables": [],
	"behaviorTypes": [
		{
			"behaviorId": "DragnDrop",
			"name": "ArrastrarYSoltar",
			"sid": 242757009785389
		},
		{
			"behaviorId": "Pin",
			"name": "Pegado",
			"sid": 969321772407945
		}
	],
	"effectTypes": [],
	"animations": {
		"items": [
			{
				"frames": [
					{
						"width": 1022,
						"height": 1080,
						"originX": 0.5,
						"originY": 0.5,
						"originalSource": "",
						"exportFormat": "lossless",
						"exportQuality": 0.8,
						"fileType": "image/png",
						"imageSpriteId": 3130888,
						"collisionPoly": {
							"points": [
								0.46771037181996084,
								0.005555555555555556,
								0.9628180039138943,
								0.09814814814814815,
								0.9500978473581213,
								0.9148148148148149,
								0.9383561643835616,
								0.9703703703703703,
								0.6966731898238747,
								0.9925925925925926,
								0.0273972602739726,
								0.8453703703703703,
								0.09393346379647749,
								0.01574074074074074
							]
						},
						"useCollisionPoly": true,
						"duration": 1,
						"tag": ""
					}
				],
				"sid": 395495918344397,
				"name": "Animation 1",
				"isLooping": false,
				"isPingPong": false,
				"repeatCount": 1,
				"repeatTo": 0,
				"speed": 5
			}
		],
		"subfolders": []
	}
}