{
	"name": "Hoja de eventos 1",
	"events": [
		{
			"eventType": "block",
			"conditions": [
				{
					"id": "compare-text",
					"objectClass": "EntradaDeTexto",
					"sid": 484599779896222,
					"parameters": {
						"text": "\"CPU\"",
						"case": "case-insensitive"
					}
				}
			],
			"actions": [
				{
					"id": "set-enabled",
					"objectClass": "Sprite2",
					"sid": 306963460004665,
					"behaviorType": "ArrastrarYSoltar",
					"parameters": {
						"state": "enabled"
					}
				},
				{
					"id": "set-x",
					"objectClass": "Sprite2",
					"sid": 927906971864134,
					"parameters": {
						"x": "319"
					}
				},
				{
					"id": "set-y",
					"objectClass": "Sprite2",
					"sid": 394109361939726,
					"parameters": {
						"y": "430"
					}
				},
				{
					"id": "set-text",
					"objectClass": "EntradaDeTexto",
					"sid": 750561544750238,
					"parameters": {
						"text": "\"cpu:\""
					}
				},
				{
					"id": "set-instvar-value",
					"objectClass": "BarraDeProgreso",
					"sid": 384286866699970,
					"parameters": {
						"instance-variable": "Contador",
						"value": "BarraDeProgreso.Contador+1"
					}
				},
				{
					"id": "set-progress",
					"objectClass": "BarraDeProgreso",
					"sid": 889222507096565,
					"parameters": {
						"value": "BarraDeProgreso.Contador"
					}
				}
			],
			"sid": 931068771860619
		},
		{
			"eventType": "block",
			"conditions": [
				{
					"id": "on-created",
					"objectClass": "Sprite2",
					"sid": 120462979595003
				}
			],
			"actions": [
				{
					"id": "set-enabled",
					"objectClass": "Sprite2",
					"sid": 537093842673462,
					"behaviorType": "ArrastrarYSoltar",
					"parameters": {
						"state": "disabled"
					}
				}
			],
			"sid": 526649929482266
		},
		{
			"eventType": "block",
			"conditions": [
				{
					"id": "on-created",
					"objectClass": "Sprite5",
					"sid": 905675584589674
				}
			],
			"actions": [
				{
					"id": "set-enabled",
					"objectClass": "Sprite5",
					"sid": 753054731545612,
					"behaviorType": "ArrastrarYSoltar",
					"parameters": {
						"state": "disabled"
					}
				}
			],
			"sid": 117928805304679
		},
		{
			"eventType": "block",
			"conditions": [
				{
					"id": "on-created",
					"objectClass": "Sprite3",
					"sid": 930647494771652
				}
			],
			"actions": [
				{
					"id": "set-enabled",
					"objectClass": "Sprite3",
					"sid": 518951157085151,
					"behaviorType": "ArrastrarYSoltar",
					"parameters": {
						"state": "disabled"
					}
				}
			],
			"sid": 105396420810505
		},
		{
			"eventType": "block",
			"conditions": [
				{
					"id": "on-created",
					"objectClass": "Sprite4",
					"sid": 235291871724508
				}
			],
			"actions": [
				{
					"id": "set-enabled",
					"objectClass": "Sprite4",
					"sid": 109116029606223,
					"behaviorType": "ArrastrarYSoltar",
					"parameters": {
						"state": "disabled"
					}
				}
			],
			"sid": 599980694985945
		},
		{
			"eventType": "block",
			"conditions": [
				{
					"id": "on-created",
					"objectClass": "Sprite6",
					"sid": 156682714745696
				}
			],
			"actions": [
				{
					"id": "set-enabled",
					"objectClass": "Sprite6",
					"sid": 388359443582121,
					"behaviorType": "ArrastrarYSoltar",
					"parameters": {
						"state": "disabled"
					}
				}
			],
			"sid": 143196431738109
		},
		{
			"eventType": "block",
			"conditions": [
				{
					"id": "on-created",
					"objectClass": "Sprite7",
					"sid": 875649498968022
				}
			],
			"actions": [
				{
					"id": "set-enabled",
					"objectClass": "Sprite7",
					"sid": 726938755517864,
					"behaviorType": "ArrastrarYSoltar",
					"parameters": {
						"state": "disabled"
					}
				}
			],
			"sid": 861291473916307
		},
		{
			"eventType": "block",
			"conditions": [
				{
					"id": "compare-text",
					"objectClass": "EntradaDeTexto",
					"sid": 487824638838909,
					"parameters": {
						"text": "\"placa base\"",
						"case": "case-insensitive"
					}
				}
			],
			"actions": [
				{
					"id": "set-enabled",
					"objectClass": "Sprite5",
					"sid": 143336568969749,
					"behaviorType": "ArrastrarYSoltar",
					"parameters": {
						"state": "enabled"
					}
				},
				{
					"id": "set-y",
					"objectClass": "Sprite5",
					"sid": 938152763399961,
					"parameters": {
						"y": "551"
					}
				},
				{
					"id": "set-x",
					"objectClass": "Sprite5",
					"sid": 582931545728264,
					"parameters": {
						"x": "292"
					}
				},
				{
					"id": "drop",
					"objectClass": "Sprite5",
					"sid": 427964830049851,
					"behaviorType": "ArrastrarYSoltar"
				},
				{
					"id": "set-text",
					"objectClass": "EntradaDeTexto",
					"sid": 455364121643511,
					"parameters": {
						"text": "\"placa base:\""
					}
				},
				{
					"id": "set-instvar-value",
					"objectClass": "BarraDeProgreso",
					"sid": 908959135105041,
					"parameters": {
						"instance-variable": "Contador",
						"value": "BarraDeProgreso.Contador+1"
					}
				},
				{
					"id": "set-progress",
					"objectClass": "BarraDeProgreso",
					"sid": 548568923498720,
					"parameters": {
						"value": "BarraDeProgreso.Contador"
					}
				}
			],
			"sid": 515352004204443
		},
		{
			"eventType": "block",
			"conditions": [
				{
					"id": "compare-text",
					"objectClass": "EntradaDeTexto",
					"sid": 698924375476497,
					"parameters": {
						"text": "\"ventilador\"",
						"case": "case-insensitive"
					}
				}
			],
			"actions": [
				{
					"id": "set-enabled",
					"objectClass": "Sprite3",
					"sid": 964174908484810,
					"behaviorType": "ArrastrarYSoltar",
					"parameters": {
						"state": "enabled"
					}
				},
				{
					"id": "set-x",
					"objectClass": "Sprite3",
					"sid": 110941804657817,
					"parameters": {
						"x": "309"
					}
				},
				{
					"id": "set-y",
					"objectClass": "Sprite3",
					"sid": 570507156304499,
					"parameters": {
						"y": "434"
					}
				},
				{
					"id": "set-text",
					"objectClass": "EntradaDeTexto",
					"sid": 940825377649625,
					"parameters": {
						"text": "\"ventilador:\""
					}
				},
				{
					"id": "set-instvar-value",
					"objectClass": "BarraDeProgreso",
					"sid": 873349071627671,
					"parameters": {
						"instance-variable": "Contador",
						"value": "BarraDeProgreso.Contador+1"
					}
				},
				{
					"id": "set-progress",
					"objectClass": "BarraDeProgreso",
					"sid": 930567195207539,
					"parameters": {
						"value": "BarraDeProgreso.Contador"
					}
				}
			],
			"sid": 238795650440251
		},
		{
			"eventType": "block",
			"conditions": [
				{
					"id": "compare-text",
					"objectClass": "EntradaDeTexto",
					"sid": 919058922873238,
					"parameters": {
						"text": "\"gpu\"",
						"case": "case-insensitive"
					}
				}
			],
			"actions": [
				{
					"id": "set-enabled",
					"objectClass": "Sprite4",
					"sid": 268632746356578,
					"behaviorType": "ArrastrarYSoltar",
					"parameters": {
						"state": "enabled"
					}
				},
				{
					"id": "set-x",
					"objectClass": "Sprite4",
					"sid": 206468295243534,
					"parameters": {
						"x": "263"
					}
				},
				{
					"id": "set-y",
					"objectClass": "Sprite4",
					"sid": 344142828354428,
					"parameters": {
						"y": "787"
					}
				},
				{
					"id": "set-text",
					"objectClass": "EntradaDeTexto",
					"sid": 442439181930662,
					"parameters": {
						"text": "\"gpu:\""
					}
				},
				{
					"id": "set-instvar-value",
					"objectClass": "BarraDeProgreso",
					"sid": 524250803259045,
					"parameters": {
						"instance-variable": "Contador",
						"value": "BarraDeProgreso.Contador+1"
					}
				},
				{
					"id": "set-progress",
					"objectClass": "BarraDeProgreso",
					"sid": 796984999502387,
					"parameters": {
						"value": "BarraDeProgreso.Contador"
					}
				}
			],
			"sid": 336692245074736
		},
		{
			"eventType": "block",
			"conditions": [
				{
					"id": "compare-text",
					"objectClass": "EntradaDeTexto",
					"sid": 402363407399964,
					"parameters": {
						"text": "\"fuente alimentación\"",
						"case": "case-insensitive"
					}
				}
			],
			"actions": [
				{
					"id": "set-enabled",
					"objectClass": "Sprite6",
					"sid": 110925248447501,
					"behaviorType": "ArrastrarYSoltar",
					"parameters": {
						"state": "enabled"
					}
				},
				{
					"id": "set-x",
					"objectClass": "Sprite6",
					"sid": 115261243405938,
					"parameters": {
						"x": "268"
					}
				},
				{
					"id": "set-y",
					"objectClass": "Sprite6",
					"sid": 713409420613256,
					"parameters": {
						"y": "947"
					}
				},
				{
					"id": "set-text",
					"objectClass": "EntradaDeTexto",
					"sid": 140910757389838,
					"parameters": {
						"text": "\"fuente alimentación:\""
					}
				},
				{
					"id": "set-instvar-value",
					"objectClass": "BarraDeProgreso",
					"sid": 184045000927558,
					"parameters": {
						"instance-variable": "Contador",
						"value": "BarraDeProgreso.Contador+1"
					}
				},
				{
					"id": "set-progress",
					"objectClass": "BarraDeProgreso",
					"sid": 860544952339301,
					"parameters": {
						"value": "BarraDeProgreso.Contador"
					}
				}
			],
			"sid": 890050442451333
		},
		{
			"eventType": "block",
			"conditions": [
				{
					"id": "compare-text",
					"objectClass": "EntradaDeTexto",
					"sid": 130791984245079,
					"parameters": {
						"text": "\"ram\"",
						"case": "case-insensitive"
					}
				}
			],
			"actions": [
				{
					"id": "set-enabled",
					"objectClass": "Sprite7",
					"sid": 180416495596536,
					"behaviorType": "ArrastrarYSoltar",
					"parameters": {
						"state": "enabled"
					}
				},
				{
					"id": "set-x",
					"objectClass": "Sprite7",
					"sid": 815077478225334,
					"parameters": {
						"x": "462"
					}
				},
				{
					"id": "set-y",
					"objectClass": "Sprite7",
					"sid": 150570400913161,
					"parameters": {
						"y": "425"
					}
				},
				{
					"id": "set-text",
					"objectClass": "EntradaDeTexto",
					"sid": 470017545936929,
					"parameters": {
						"text": "\"ram:\""
					}
				},
				{
					"id": "set-instvar-value",
					"objectClass": "BarraDeProgreso",
					"sid": 263562074255389,
					"parameters": {
						"instance-variable": "Contador",
						"value": "BarraDeProgreso.Contador+1"
					}
				},
				{
					"id": "set-progress",
					"objectClass": "BarraDeProgreso",
					"sid": 133580659199486,
					"parameters": {
						"value": "BarraDeProgreso.Contador"
					}
				}
			],
			"sid": 410453304076480
		},
		{
			"eventType": "block",
			"conditions": [
				{
					"id": "compare-progress",
					"objectClass": "BarraDeProgreso",
					"sid": 385153174575881,
					"parameters": {
						"comparison": 0,
						"value": "0"
					}
				}
			],
			"actions": [
				{
					"id": "set-instvar-value",
					"objectClass": "BarraDeProgreso",
					"sid": 493306156939868,
					"parameters": {
						"instance-variable": "Contador",
						"value": "0"
					}
				}
			],
			"sid": 183129234618517
		},
		{
			"eventType": "block",
			"conditions": [
				{
					"id": "compare-progress",
					"objectClass": "BarraDeProgreso",
					"sid": 301741924395716,
					"parameters": {
						"comparison": 0,
						"value": "6"
					}
				}
			],
			"actions": [
				{
					"id": "go-to-layout",
					"objectClass": "System",
					"sid": 622336620935944,
					"parameters": {
						"layout": "Victoria"
					}
				}
			],
			"sid": 226009862408342
		}
	],
	"sid": 925101327873962
}