{
	"name": "Hoja de eventos 4",
	"events": [
		{
			"eventType": "block",
			"conditions": [
				{
					"id": "on-clicked",
					"objectClass": "No",
					"sid": 459343134762975
				}
			],
			"actions": [
				{
					"id": "go-to-layout",
					"objectClass": "System",
					"sid": 334623760031697,
					"parameters": {
						"layout": "inicio"
					}
				}
			],
			"sid": 942731073714086
		},
		{
			"eventType": "block",
			"conditions": [
				{
					"id": "on-clicked",
					"objectClass": "Si",
					"sid": 851988177037921
				}
			],
			"actions": [
				{
					"id": "go-to-layout",
					"objectClass": "System",
					"sid": 225808012463544,
					"parameters": {
						"layout": "tutorial"
					}
				}
			],
			"sid": 442207313476696
		}
	],
	"sid": 708201162488871
}