{
	"name": "Hoja de eventos 3",
	"events": [
		{
			"eventType": "block",
			"conditions": [
				{
					"id": "on-clicked",
					"objectClass": "preparado",
					"sid": 499303225201507
				}
			],
			"actions": [
				{
					"id": "go-to-layout-by-name",
					"objectClass": "System",
					"sid": 376065080539194,
					"parameters": {
						"layout": "\"juego\""
					}
				}
			],
			"sid": 192423203544543
		},
		{
			"eventType": "block",
			"conditions": [
				{
					"id": "on-clicked",
					"objectClass": "preparadont",
					"sid": 192133438901808
				}
			],
			"actions": [
				{
					"id": "go-to-layout",
					"objectClass": "System",
					"sid": 703165957319487,
					"parameters": {
						"layout": "inicio"
					}
				}
			],
			"sid": 304788182626037
		}
	],
	"sid": 240137989386299
}