{
	"name": "Hoja de eventos 2",
	"events": [
		{
			"eventType": "block",
			"conditions": [
				{
					"id": "on-clicked",
					"objectClass": "JUGAR",
					"sid": 507045870352061
				}
			],
			"actions": [
				{
					"id": "go-to-layout-by-name",
					"objectClass": "System",
					"sid": 557605125014893,
					"parameters": {
						"layout": "\"tutorial\""
					}
				}
			],
			"sid": 169055894926369
		},
		{
			"eventType": "block",
			"conditions": [
				{
					"id": "on-clicked",
					"objectClass": "Salir",
					"sid": 523956055991977
				}
			],
			"actions": [
				{
					"id": "close",
					"objectClass": "Navegador",
					"sid": 676183987229907
				}
			],
			"sid": 230869057225969
		}
	],
	"sid": 470505220466599
}